{
    "R_Matrix_data": [
        1.0,
        0.0,
        0.0,
        0.0,
        1.0,
        0.0,
        0.0,
        0.0,
        1.0
    ],
    "T_Vec_data": [
        0.0,
        0.0,
        0.0
    ],
    "Camera_Matrix_data": [
        231.0745086669922,
        0.0,
        165.87399291992188,
        0.0,
        232.01962280273438,
        120.49687194824219,
        0.0,
        0.0,
        1.0
    ],
    "Distortion_Parm_data": [
        0.04812299460172653,
        0.04144999384880066,
        -0.27021700143814087,
        -0.002133004367351532,
        0.0014189928770065308
    ]
}